survey,item,variable,question_text,response_categories
ases2000,,q18,"As well as or sometimes, instead of having  a sense of nationality, people may think of themselves as being part of some other community or group. How about you, is there any other community or group that you feel part of in this way?","1. Neighbourhood, 2. Region, 3. Ethnic group, 4. Religion, 5. Other, 6. No, I don't think of myself as part of any other community or group."
ases2000,attend7_0_.5_1_3_12_52_104,q504,"Apart from weddings, funerals and christenings, about how often do you attend religious services these days?","1. More than once a week, 2. Once a week, 3. Once a month, 4. Only on special holy days, 5. Once a year, 6. Less often, 7. Practically never"
ases2000,,q505,What is your religious denomination?,"1. Roman Catholic, 2. Protestant, 3. Other Christian, 4. Jew, 5. Muslim, 6. Hindu, 7. Buddhist, 8. Other, 9. None"
tt2002,,NA,,
tt2003,,NA,,
tt2004,,NA,,
tt2005,,var143,[USA ONLY] What is your religious preference?,"1. Protestant (include Baptist, Episcopal, Jehovah's Witness, Lutheran, Methodist, Presbyterian, Episcopalian, Pentecostal, Church of Christ, etc., 2. Roman Catholic, 3. Jewish, 4. Mormon (include Church of Jesus Christ of Latter Day Saints), 5. Orthodox Church (Greek or Russian), 6. Islam/Muslim, 7. Other religion (SPECIFY), 8. No religion, not a believer, atheist, agnostic"
tt2006,,var084,Do you consider yourself to be?,"1. Protestant (include Baptist, Episcopal, Jehovah's Witness, Lutheran, Methodist, Presbyterian, Episcopalian, Pentecostal, Church of Christ, etc., 2. Roman Catholic, 3. Jewish, 4. Mormon (include Church of Jesus Christ of Latter Day Saints), 5. Orthodox Church (Greek or Russian), 6. Islam/Muslim, 7. Other religion (SPECIFY), 8. No religion, not a believer, atheist, agnostic, 9. DK/ Refusal"
tt2007,,v84,Do you consider yourself to be? (USA only),"(1) Protestant (including Baptist, Episcopal, Jehovah's Witness, (2) Roman Catholic (3) Jewish (4) Mormon (including Church of Jesus Christ of Latter Day Saint (5) Orthodox Church (Greek or Russian) (6) Islam\ Muslim (7) Other religion [SPECIFY] (8) No religion, not a believer, atheist, agnostic (9) Don’t know/Refuse to answer"
tt2007,,v85,"Would you describe yourself as a born again or evangelical Christian, or not? (only if code 1, 2, 4, 5, 7 or 9 on Q31, USA only)","(1) Yes, would (2) No, would not (3) Don’t know/Refuse to answer"
tt2008,,q32a,Do you consider yourself to be?,"1 Protestant (including Baptist, Episcopal, Jehovah's Witness, 2 Roman Catholic 3 Jewish 4 Mormon (including Church of Jesus Christ of Latter Day Saint 5 Orthodox Church (Greek or Russian) 6 Islam\ Muslim 7 Other religion [SPECIFY] 8 No religion, not a believer, atheist, agnostic 9 DK\ Refusal"
tt2008,,q32b,Other religion [SPECIFY],1 Buddhist 2 Christian 3 Pagan
tt2008,,q32c,"Would you describe yourself as a ""born again"" or evangelical Christian, or not?","1 Yes, would 2 No, would not 3 DK\ Refusal"
tt2008,,q33,"Do you pray five times a day regularly, sometimes or never?",1 Regularly 2 Sometimes 3 Never 4 DK 5 Refusal
tt2009,,NA,,
tt2010,,NA,,
tt2011,,d8,Do you consider yourself to be [RELIGION]? (TR only),"1 Islam/ Muslim 2 Roman Catholic 3 Protestant 4 Orthodox Church (Greek or Russian) 5 Jewish 6 Mormon 7 Other religion [SPECIFY] 8 No religion, not a believer, atheist, agnostic 98 DK"
tt2011,,d9,"Do you pray five times a day regularly, sometimes or never? (TR only)",1 Regularly 2 Sometimes 3 Never 98 Don’t know 99 Refusal (SPONTANEOUS)
tt2011,,d10,To what extent do you agree or disagree with the statement 'wearing a headscarf (Turban in Turkish language) at universities should be banned'? Do you… (TR only),1 Agree strongly 2 Agree somewhat 3 Disagree somewhat 4 Disagree strongly 98 Don’t know (SPONTANEOUS) 99 Refusal (SPONTANEOUS)
tt2012,,d8,Do you consider yourself to be [RELIGION]? (TR only),"1 Islam/ Muslim 2 Roman Catholic 3 Protestant 4 Orthodox Church (Greek or Russian) 5 Jewish 6 Mormon 7 Other religion [SPECIFY] 8 No religion, not a believer, atheist, agnostic 98 DK 99 RA"
tt2012,,d9,"Do you pray five times a day regularly, sometimes or never? (if code 1 on D8, TR only)",1 Regularly 2 Sometimes 3 Never 98 Don’t know 99 Refusal (SPONTANEOUS)
tt2013,,d8,Do you consider yourself to be [RELIGION]?,"1 Islam\ Muslim 2 Catholic 3 Protestant 4 Orthodox Church (Greek or Russian) 5 Jewish 6 Mormon 7 Other religion [SPECIFY] 8 No religion, not a believer, atheist, agnostic 98 Don't know (SPONTANEOUS) 99 Refusal (SPONTANEOUS)"
tt2014,,NA,,
tt_im2008,,d4,Do you consider yourself to be?,"1 Protestant (including Baptist, Jehovah's Witness, Lutheran, Methodist, Presbyterian, Episcopalian, Pentecostal, Church o 2 Roman Catholic 3 Jewish 4 Mormon (including Church of Jesus Christ of Latter Day Saints) 5 Orthodox Church (Greek or Russian) 6 Islam / Muslim 7 Other religion (SPECIFY) 8 No religion, not a believer, atheist, agnos]c 9 Dont Know / Refusal (SPONTANEOUS)"
tt_im2008,,d5b,"Would you describe yourself as a 'born again' or evangelical Christian, or not?","1 Yes, would 2 No, would not 3 Dont Know / Refusal (SPONTANEOUS)"
tt_im2008,,d5c,Do you consider yourself to be?,"1 Protestant (including Church of England, Baptist, Jehovah's Witness, Methodist, etc.) 2 Roman Catholic 3 Jewish 4 Orthodox Church (Greek or Russian) 5 Muslim 6 Hindu 7 Sikh 8 Other religion (SPECIFY) 9 No religion, not a believer, atheist, agnostic 10 Dont Know / Refusal (SPONTANEOUS)"
tt_im2009,,d6,Do you consider yourself to be?,"1 Protestant (including Baptist, Jehovah's Witness, Lutheran, Methodist, Presbyterian, Episcopalian, Pentecostal, Church o 2 Roman Catholic 3 Jewish 4 Mormon (including Church of Jesus Christ of Latter Day Saints) 5 Orthodox Church (Greek or Russian) 6 Islam / Muslim 7 Hindu 8 Sikh 9 Other religion (SPECIFY) 10 No religion, not a believer, atheist, agnostic 99 DK/RA"
tt_im2010,,d14,"Do you consider yourself to be… Very religious, somewhat religious, not religious at all",1 Very religious 2 Somewhat religious 3 Not religious at all 98 DK/RA/NA
tt_im2011,,NA,,
tcmeg2004,,m109,Religion,1= Muslim 2= Christian 3= Druze 4= Hindu 5= Jew 6= Zoroastrian 7= Other 8= Bahai 9= Not asked 97 = Not clear 98 = Can’t choose/Don’t know 99 = Decline to answer
tcmeg2004,,m110,Muslim Sect,1= Sunni 2= Shia 3= Other 97 = Not clear 98 = Can’t choose/Don’t know 99 = Decline to answer
tcmeg2004,,m803,How often do you pray?,1= Very often (several times a day) 2= Often (everyday) 3= Sometimes (once or twice a week) 4= Rarely (one or two times a month or only on religious holidays) 5= Never 97= Not clear 98= Can’t choose/Don’t know 99= Decline to answer
tcmeg2004,attend5_0_12_52_365_730,m804,How often do you pray at/attend the mosque?,1= Very often (several times a day) 2= Often (everyday) 3= Sometimes (once or twice a week) 4= Rarely (one or two times a month or only on religious holidays) 5= Never 97= Not clear 98= Can’t choose/Don’t know 99= Decline to answer
tcmeg2004,,m805,How often do you read the Quran?,1=Every day or almost everyday 2=Several times a week 3=Sometimes 4=Rarely or Never 5= I don’t read 97= Not clear 98= Can’t choose/Don’t know 99= Decline to answer
tcmeg2004,,m806,Do you find that you get comfort and strength from religion?,"1= Yes, very much 2= Some 3= A little 4= No, very little or none 97= Not clear 98= Can’t choose/Don’t know 99= Decline to answer"
tcmeg2004,,m807,Do you refer to religious teachings when taking decisions about your life?,1= Always 2= Sometimes 3= Rarely 4= Never 97= Not clear 98= Can’t choose/Don’t know 99= Decline to answer
tcmeg2004,,m808,"When you need advice about a personal problem, how often do you consult each of the following? An imam or fakih",1= Most often 2= Sometimes 3= Rarely 4= Never 97= Not clear 98= Can’t choose/Don’t know 99= Decline to answer
tcmeg2004,,m901a,Which of the following is the most important to you from the following social and geographical affiliations?,"1= Family/Tribe 2= Locality (city or village you currently reside in) 3= Region (Governorate you currently live in) 4= [country], in the general sense 5= Continent 6= Middle East 7= Arab World 8= Islamic World 9= The World 10= Other 97 = Not clear 98 = Can’t choose/Don’t know 99 = Decline to answer 100=Not provided/Not usable"
tcmeg2004,,m903,Which of the following best describes you?,1= Above all I am [country nationality] 2= Above all I am a Muslim 3= Above all I am an Arab 4= Above all I am Christian 5= Above all I am [Kurd/Berber/Palestinian/Pharonic/GreekArmenian] 6= Other 97= Not clear 98= Can’t choose/Don’t know 99= Decline to answer
asiab2004,,q21,How often do you pray?,1 Daily 2 Weekly 3 Monthly 4 On special occasions 5 Never 9 Don’t know
asiab2004,,q23,"Considering all the things I mentioned above, can you please tell me, if your or your family’s engagement in religious activities increased, decreased or remained the same during the last ten years?",1 Increase 2 Decrease 3 Remained the same 9 Don’t know
asiab2004,,q20,"There are a number of major components whereby you form your identity. They include religion, ethnicity, region, language, class and nationality. How do you rate religion with other components?",1 Religion is more important than ethnicity. 2 Religion is more important than region. 3 Religion is more important than language. 4 Religion is more important than class. 5 Religion is more important than nationality. 6 Religion is no more than one of the components of identity. 7 I have never thought about it.
asiab2004,,f9,"Do you regard yourself as belonging to any particular religion? If yes, which? (SA)",1 Catholic 2 Christian religion other than Catholic 3 Muslim (Sunnah) 4 Muslim (Shiah) 5 Hindu 6 Buddhist (Mahayana) 7 Buddhist (Hinayana) 8 Confucian 9 Jewish 10 Sikh 11 Taoism 12 Other 13 None 99. Don’t know
asiab2004,attend7_0_.5_1_3_12_52_104,f10,"Apart from weddings, funerals and such ceremonies, about how often do you attend religious services or visit a place of worship these days? (SA)",1 At least twice a week 2 Once a week 3 Once a month 4 Only on special holy days 5 Once a year 6 Hardly ever 7 Never 9. Don’t know
eass2008,,relig,Religious main groups,"1 No religion 2 Roman Catholic  3 Protestant  4 Christian Orthodox  5 Jewish  6 Islam  7 Buddhism  8 Hinduism  9 Other Christian Religions  10 Other Eastern Religions  11 Other Religions  77 TW: not asked  88 DK, refused"
eass2010,,relig,Religious main groups,"1 No religion 2 Roman Catholic  3 Protestant  4 Christian Orthodox  5 Jewish  6 Islam  7 Buddhism  8 Hinduism  9 Other Christian Religions  10 Other Eastern Religions  11 Other Religions  77 TW: not asked  88 DK, refused"
eass2012,,v8,Active Participation in Religious Group,"1 Yes, actively involved  2 Yes, but hardly involved 3 No 8 DK, refused"
eass2012,,103. relig,Religious main groups,"1 No religion 2 Roman Catholic  3 Protestant  4 Christian Orthodox  5 Jewish  6 Islam  7 Buddhism  8 Hinduism  9 Other Christian Religions  10 Other Eastern Religions  11 Other Religions  77 TW: not asked  88 DK, refused"
gallup_vop2004,,d6,Religion,1 Roman Catholic  2 Russian or Eastern Orthodox  3 Protestant  4 Other Christian  5 Hindu  6 Muslim  7 Jewish  8 Buddhist  9 Other 10 Nothing  99 Refuse/ DK
gallup_vop2005,,q9,"Irrespective of whether you attend a place of worship or not, would you say you are…",1 A religious person 2 Not a religious person  3 A convinced atheist  9 DK/NA
gallup_vop2005,,religion,Do you consider yourself to be...,1 Roman Catholic  2 Russian or Eastern Orthodox  3 Protestant  4 Other Christian  5 Hindu  6 Muslim  7 Jewish  8 Buddhist  9 Other 10 Nothing  99 Refuse/ DK
gallup_vop2007,,d6 ,Religion,1 Roman Catholic  2 Russian or Eastern Orthodox  3 Protestant  4 Other Christian  5 Hindu  6 Muslim  7 Jewish  8 Buddhist  9 Other 10 Nothing  99 Refuse/ DK
cceb2001_10,,D11.a.,Do you consider yourself as belonging to a particular religion? (IF YES) Which one?,"1 - Roman Catholic  2 - Greek Catholic  3 – Protestant*  4 – Orthodox**  5 - Jewish  6 - Muslim  7 - Buddhist  8 - Hindu  9 - Other  10 - None, I do not consider myself belonging to a particular religion  99 - DK / no opinion (spontaneous) X - Refusal (spontaneous)"
cceb2001_10,attend5_0_1_3_52_104,D11.b.,"Do you attend religious services other than weddings or funerals several times a week, once a week, a few times a year, once a year or less, or never?",1 - several times a week  2 - once a week  3 - a few times a year  4 - once a year or less  5 - never
cceb2002,,D11.a.,Do you consider yourself as belonging to a particular religion? (IF YES) Which one?,"1 - Roman Catholic  2 - Greek Catholic  3 – Protestant*  4 – Orthodox**  5 - Jewish  6 - Muslim  7 - Buddhist  8 - Hindu  9 - Other  10 - None, I do not consider myself belonging to a particular religion  99 - DK / no opinion (spontaneous) X - Refusal (spontaneous) "
cceb2002,attend5_0_1_3_52_104,D11.b.,"Do you attend religious services other than weddings or funerals several times a week, once a week, a few times a year, once a year or less, or never?",1 - several times a week  2 - once a week  3 - a few times a year  4 - once a year or less  5 - never
cceb2003_5,,D11.a.,Do you consider yourself as belonging to a particular religion? (IF YES) Which one?,"1 - Roman Catholic  2 - Greek Catholic  3 – Protestant*  4 – Orthodox**  5 - Jewish  6 - Muslim  7 - Buddhist  8 - Hindu  9 - Other  10 - None, I do not consider myself belonging to a particular religion  99 - DK / no opinion (spontaneous) X - Refusal (spontaneous) "
cceb2003_5,attend5_0_1_3_52_104,D11.b.,"Do you attend religious services other than weddings or funerals several times a week, once a week, a few times a year, once a year or less, or never?",1 - several times a week  2 - once a week  3 - a few times a year  4 - once a year or less  5 - never
cceb2003_6,,D11.a.,Do you consider yourself as belonging to a particular religion? (IF YES) Which one?,"1 - Roman Catholic  2 - Greek Catholic  3 – Protestant*  4 – Orthodox**  5 - Jewish  6 - Muslim  7 - Buddhist  8 - Hindu  9 - Other  10 - None, I do not consider myself belonging to a particular religion  99 - DK / no opinion (spontaneous) X - Refusal (spontaneous) "
cceb2003_6,attend5_0_1_3_52_104,D11.b.,"Do you attend religious services other than weddings or funerals several times a week, once a week, a few times a year, once a year or less, or never?",1 - several times a week  2 - once a week  3 - a few times a year  4 - once a year or less  5 - never
cceb2003_11,,D11.a.,Do you consider yourself as belonging to a particular religion? (IF YES) Which one?,"1 - Roman Catholic  2 - Greek Catholic  3 – Protestant*  4 – Orthodox**  5 - Jewish  6 - Muslim  7 - Buddhist  8 - Hindu  9 - Other  10 - None, I do not consider myself belonging to a particular religion  99 - DK / no opinion (spontaneous) X - Refusal (spontaneous) "
cceb2003_11,attend5_0_1_3_52_104,D11.b.,"Do you attend religious services other than weddings or funerals several times a week, once a week, a few times a year, once a year or less, or never?",1 - several times a week  2 - once a week  3 - a few times a year  4 - once a year or less  5 - never
cceb2004,,D11.a.,Do you consider yourself as belonging to a particular religion? (IF YES) Which one?,"1 - Roman Catholic  2 - Greek Catholic  3 – Protestant*  4 – Orthodox**  5 - Jewish  6 - Muslim  7 - Buddhist  8 - Hindu  9 - Other  10 - None, I do not consider myself belonging to a particular religion  99 - DK / no opinion (spontaneous) X - Refusal (spontaneous) "
cceb2004,attend5_0_1_3_52_104,D11.b.,"Do you attend religious services other than weddings or funerals several times a week, once a week, a few times a year, once a year or less, or never?",1 - several times a week  2 - once a week  3 - a few times a year  4 - once a year or less  5 - never
cdcee,,V587,Waht was your religion at birth?,1. Catholic 2. Orthodox 3. Calvinist 4. Lutherian 5. Jewish 6. Czech Hussites 7. Muslim 8. Other 9. Not baptized / No relig. Affiliation 98. DK 99. NA
cdcee,,V588,Of the following statements which do you think applies to you most closely?,"1. I am religious and follow the teachings of the church 2. I am religious in my own way 3. Cannot say if I am religious or not 4. I am not religious and not interested 5. I am not religious, because the churches are wrong 6. Other 7. DK 8. NA"
cdcee,,V268,"(Country) has many problems to solve. Of the conflicts listed on this card, tell me, plaese, which do you consider very important, somewhat important, of little importance, or not at all important? Between those who follow the moral teachings of the church and those who do not.",1. Very imnportant 2. somewhat important  3. Llittle important 4. Not important at all 8. DK 9. NA
cdcee,,V237,"In order to get ahead, people need to have confidence and feel that they can trust themselves and others. To what degree do you think that you trust the following: Church and clergy?",1. Totally 2. To a certain point 3. Little 4. Not at all 8. DK 9. NA
cdcee,,V247,"In order to get ahead, people need to have confidence and feel that they can trust themselves and others. To what degree do you think that you trust the following: God?",1. Totally 2. To a certain point 3. Little 4. Not at all 0. NAV 8. DK 9. NA
cses1,,A2015,RELIGIOUS SERVICES ATTENDANCE,
cses1,,A2016,RELIGIOSITY,
cses1,,A2017,RELIGIOUS DENOMINATION,
cses2,,B2023,RELIGIOUS SERVICES ATTENDANCE,
cses2,,B2024,RELIGIOSITY,
cses2,,B2025,RELIGIOUS DENOMINATION,
cses3,,C2023 >>> D23,RELIGIOUS SERVICES ATTENDANCE,
cses3,,C2024 >>> D24,RELIGIOSITY,
cses3,,C2025 >>> D25.,RELIGIOUS DENOMINATION,
cses4,,D2024 >>> D22,RELIGIOUS SERVICES ATTENDANCE,
cses4,,D2025 >>> D23,RELIGIOSITY,
cses4,,D2026 >>> D24,RELIGIOUS DENOMINATION,
cses5,,E2013          >>> D10,RELIGIOUS DENOMINATION,
cses5,,E2014          >>> D11,RELIGIOUS SERVICES ATTENDANCE,
cses_combo,,iA2015_m,RELIGIOUS SERVICES ATTENDANCE,
cses_combo,,iA2016_m,RELIGIOSITY,
cses_combo,,iA2017_m,RELIGIOUS DENOMINATION,
wvs_combo,,a006,"For each of the following aspects, indicate how important it is in your life. Would you say it is very important, rather important, not very important or not important at all  Religion",1  Very important 2  Rather important 3  Not very important 4  Not at all important -1  Don´t know -2  No answer -4  Not asked -5  Missing; Not available 
wvs_combo,,a040,Important child qualities: religious faith,"Here is a list of qualities that children can be encouraged to learn at home. Which, if any, do you consider to be especially important? Please choose up to five.  Religious faith"
wvs_combo,,a098,"Now I am going to read out a list of voluntary organizations; for each one, could you tell me whether you are a member, an active member, an inactive member or not a member of that type of organization?  Church or religious organization",0  Not a member 1  Inactive member 2  Active member -1  Don´t know -2  No answer -4  Not asked -5  Missing; Unknown 
wvs_combo,,f004,I am going to read out a list of statements about the meaning of life. Please indicate whether you agree or disagree with each of them. (Read out in reverse order for alternate contacts),1  Agree 2  Disagree 3  Neither -1  Don´t know -2  No answer -4  Not asked -5  Missing;Unknown 
wvs_combo,,f024,Do you belong to a religious denomination?,0  No 1  Yes -1  Don´t know -2  No answer -4  Not asked -5  Missing; Unknown 
wvs_combo,,f025,"Do you belong to a religion or religious denomination?. If yes, which one?","0  No religious denomination 1  Aglipayan 2  Al-Hadis 3  Alliance 4  Ancestral worshipping 5  Anglican 6  Armenian Apostolic Church 7  Assembly of God 8  Bahai 9  Baptist 10  Born again 11  Brgy. Sang Birhen 12  Buddhist 13  C & S Celestial 14  Cao dai 15  Catholic: doesn´t follow rules 16  Charismatic 17  Christian 18  Christian Fellowship 19  Christian Reform 20  Church of Christ / Church of Christ / Church of Christ of Latter-day Saints 21  Confucianism 22  Druse 23  El Shaddai 24  Essid 25  Evangelical 26  Faith in god 27  Filipinista 28  Free church/Non denominational church 29  Greek Catholic 30  Gregorian 31  Hindu 32  Hoa hao 33  Hussite 34  Iglesia ni Cristo (INC) 35  Independent African Church (e.g. ZCC, Shembe, etc.) 36  Independent Church 37  Israelita Nuevo Pacto Universal (FREPAP) 38  Jain 39  Jehovah witnesses 40  Jesus is Lord (JIL) 41  Jesus Miracle Crusade 42  Jew 43  Ka-a Elica 44  Lutheran 45  Mennonite 46  Methodists 47  Mita 48  Mormon 49  Muslim 50  Native 51  New Testament Christ/Biblist 52  Orthodox 53  Other 54  Other: Brasil: Espirit,candomblé,umbanda,esoterism,occultism 55  Other: Christian com 56  Other: Oriental 57  Other: Philippines (less 0.5%) 58  Other: Taiwan (taoism, protestant fundam., ancient cults) 59  Paganism 60  Pentecostal 61  Presbyterian 62  Protestant 63  Qadiani 64  Roman Catholic 65  Rosacruz 66  Salvation Army 67  Self Lealisation Fellowship 68  Seven Day Adventist 69  Shenism (Chinese Religion) 70  Shia 71  Sikh 72  Sisewiss 73  Spiritista 74  Spiritualists 75  Sunni 76  Tac 77  Taoist 78  The Church of Sweden 79  The Worldwide Church of God 80  Theosofists 81  Unitarian 82  United 83  United Church of Christ in the Philippines (UCCP) 84  Wicca 85  Zionist 86  Zoroastrian 87  Ratana 88  Ringatu 89  New Apostolic Church 90  Yiguan Dao 91  Daolism 12001  DZ: Christian (Quakers, Jehovah's Witnesses, Evangelical, Protestant) 360001  AU: Uniting Church 528001  Dutch Reformed (Nederlands Hervormd) 528002  Reformed Churches in the Netherlands (Gereformeerd) 710001  ZA: Evangelical/Apostolic Faith Mission 710002  ZA: African Traditional Religion -5  Missing -4  Not asked in survey -3  Not applicable -2  No answer -1  Don´t know "
wvs_combo,attend9_0_0_.5_1_4_2_12_52_104,f028,"Apart from weddings, funerals and christenings, about how often do you attend religious services these days?",1  More than once a week 2  Once a week 3  Once a month 4  Only on special holy days/Christmas/Easter days 5  Other specific holy days 6  Once a year 7  Less often 8  Never practically never -1  Don´t know -2  No answer -3  Not applicable -4  Not asked -5  Missing; Unknown 
wvs_combo,,f031,Do you personally think it is important to hold a religious service for any of the following events? Birth,0  No 1  Yes -1  Don´t know -2  No answer -4  Not asked -5  Missing; Unknown 
wvs_combo,,f032,Do you personally think it is important to hold a religious service for any of the following events? Marriage,0  No 1  Yes -1  Don´t know -2  No answer -4  Not asked -5  Missing; Unknown 
wvs_combo,,f033,Do you personally think it is important to hold a religious service for any of the following events? Death,0  No 1  Yes -1  Don´t know -2  No answer -4  Not asked -5  Missing; Unknown 
wvs_combo,,f064,Do you find that you get comfort and strength from religion?,0  No 1  Yes -1  Don´t know -2  No answer -4  Not asked -5  Missing; Unknown 
wvs_combo,,f066,How often do you pray to God outside of religious services? Would you say ...,1  Every day 2  More than once a week 3  Once a week 4  At least once a month 5  Several times a year 6  Less often 7  Never -1  Don´t know -2  No answer -4  Not asked -5  Missing; Unknown 
wvs_combo,,f067,How often do you pray to God outside of religious services? Would you say...,1  Often 2  Sometimes 3  Hardly ever 4  Only in times of crisis 5  Never -1  Don´t know -2  No answer -4  Not asked -5  Missing; Unknown 
wvs_combo,,f194,How important: daily prayer,1  Very important 2  Important 3  Somewhat important 4  A little important 5  Not at all important -1  Don´t know -2  No answer -4  Not asked 
wvs_combo,,f200,With which one of the following statements do you agree most? The meaning of religion is…,1  Follow religious norms and ceremonies 2  Do good to other people 3  Neither of them 4  Both -1  Don´t know -2  No answer -3  Not applicable -4  Not asked -5  Missing;Unknown 
wvs_combo,,f201,And with which of the following statements do you agree most? The meaning of religion is…,1  Make sense of life after death 2  Make sense of life in this world 3  Neither of them 4  Both -1  Don´t know -2  No answer -3  Not applicable -4  Not asked -5  Missing;Unknown 
wvs_combo,,f202,"Please tell us if you strongly agree, agree, disagree, or strongly disagree with the following statements:  Whenever science and religion conflict, religion is always right",1  Strongly agree 2  Agree 3  Disagree 4  Strongly disagree -1  Don´t know -2  No answer -3  Not applicable -4  Not asked -5  Missing;Unknown 
wvs_combo,,f203,"Please tell us if you strongly agree, agree, disagree, or strongly disagree with the following statements:  The only acceptable religion  is my religion",1  Strongly agree 2  Agree 3  Disagree 4  Strongly disagree -1  Don´t know -2  No answer -3  Not applicable -4  Not asked -5  Missing;Unknown 
wvs_combo,,g007_35_b,"I ‘d like to ask you how much you trust people from various groups. Could you tell me for each whether you trust people from this group completely, somewhat, not very much or not at all?  People of another religion",1  Trust completely 2  Trust somewhat 3  Do not trust very much 4  Do not trust at all -1  Don´t know -2  No answer -3  Not applicable -4  Not asked -5  Missing; Unknown 
wvs_combo,,a124_12,On this list are various groups of people. Could you please mention any that you would not like to have as neighbors?  People of a different religion,0  Not mentioned 1  Mentioned -1  Don´t know -2  No answer -4  Not asked 
wvs_combo,,f050,"In which of the following things do you believe, if you believe in any?  God",0  No 1  Yes -5  Missing; Unknown -4  Not asked in survey -3  Not applicable -2  No answer -1  Don´t know 
wvs_combo,,f051,"In which of the following things do you believe, if you believe in any?  Life after death",0  No 1  Yes -5  Missing; Unknown -4  Not asked in survey -3  Not applicable -2  No answer -1  Don´t know 
wvs_combo,,f052,"Which, if any, of the following do you believe in? ((Read out and code one answer for each))",0  No 1  Yes -1  Don´t know -2  No answer -4  Not asked -5  Missing; Not available 
wvs_combo,,f053,"In which of the following things do you believe, if you believe in any?  Hell",0  No 1  Yes -5  Missing; Unknown -4  Not asked in survey -3  Not applicable -2  No answer -1  Don´t know 
wvs_combo,,f054,"In which of the following things do you believe, if you believe in any?  Heaven",0  No 1  Yes -5  Missing; Unknown -4  Not asked in survey -3  Not applicable -2  No answer -1  Don´t know 
wvs_combo,,f055,"Which, if any, of the following do you believe in? ((Read out and code one answer for each)) Sin",0  No 1  Yes -1  Don´t know -2  No answer -3  Not applicable -4  Not asked -5  Missing; Unknown 
wvs_combo,,f057,"Do you believe in re-incarnation, that is, that we had past lives and will be born into this world again?",0  No 1  Yes -1  Don´t know -2  No answer -4  Not asked -5  Missing; Unknown 
wvs_combo,,f059,"Which, if any, of the following do you believe in? Devil",0  No 1  Yes -1  Don´t know -2  No answer -4  Not asked -5  Missing; Unknown 
wvs_combo,,f060,"Which, if any, of the following do you believe in?. Resurrection of the dead",0  No 1  Yes -1  Don´t know -2  No answer -4  Not asked -5  Missing; Unknown 
wvs_combo,,f062,Which of these statements comes closest to your beliefs?,1  Personal God 2  Spirit or life force 3  Don´t know what to think 4  No spirit God or life force -1  Don´t know -2  No answer -4  Not asked -5  Missing; Unknown 
wvs_combo,,f063,How important is God in your life?. Please use this scale to indicate. 10 means “very important” and 1 means “not at all important.”:,1  Not at all important 2  2 3  3 4  4 5  5 6  6 7  7 8  8 9  9 10  Very important -1  Don´t know -2  No answer -4  Not asked in survey 
wvs_combo,,f065,"Do you take some moments of prayer, meditation or contemplation or something like that?",0  No 1  Yes -1  Don´t know -2  No answer -3  Not applicable -4  Not asked -5  Missing; Unknown 
wvs_combo,,f102,Politicians who don´t believe in God are unfit for public office,1  Agree strongly 2  Agree 3  Neither agree or disagree 4  Disagree 5  Strongly disagree -1  Don´t know -2  No answer -4  Not asked -5  Missing; Unknown 
wvs_combo,,f103,Religious leaders should not influence how people vote,1  Agree strongly 2  Agree 3  Neither agree or disagree 4  Disagree 5  Strongly disagree -1  Don´t know -2  No answer -4  Not asked -5  Missing; Unknown 
wvs_combo,,f104,Better if more people with strong religious beliefs in public office,1  Agree strongly 2  Agree 3  Neither agree or disagree 4  Disagree 5  Strongly disagree -1  Don´t know -2  No answer -4  Not asked -5  Missing; Unknown 
wvs_combo,,f105,Religious leaders should not influence government,1  Agree strongly 2  Agree 3  Neither agree or disagree 4  Disagree 5  Strongly disagree -1  Don´t know -2  No answer -4  Not asked -5  Missing; Unknown 
evs_combo,,a006,"For each of the following aspects, indicate how important it is in your life. Would you say it is very important, rather important, not very important or not important at all  Religion",1  Very important 2  Rather important 3  Not very important 4  Not at all important -1  Don´t know -2  No answer -4  Not asked -5  Missing; Not available 
evs_combo,,a040,Important child qualities: religious faith,"Here is a list of qualities that children can be encouraged to learn at home. Which, if any, do you consider to be especially important? Please choose up to five.  Religious faith"
evs_combo,,f004,I am going to read out a list of statements about the meaning of life. Please indicate whether you agree or disagree with each of them. (Read out in reverse order for alternate contacts),1  Agree 2  Disagree 3  Neither -1  Don´t know -2  No answer -4  Not asked -5  Missing;Unknown 
evs_combo,,f024,Do you belong to a religious denomination?,0  No 1  Yes -1  Don´t know -2  No answer -4  Not asked -5  Missing; Unknown 
evs_combo,,f025,"Do you belong to a religion or religious denomination?. If yes, which one?","0  No religious denomination 1  Aglipayan 2  Al-Hadis 3  Alliance 4  Ancestral worshipping 5  Anglican 6  Armenian Apostolic Church 7  Assembly of God 8  Bahai 9  Baptist 10  Born again 11  Brgy. Sang Birhen 12  Buddhist 13  C & S Celestial 14  Cao dai 15  Catholic: doesn´t follow rules 16  Charismatic 17  Christian 18  Christian Fellowship 19  Christian Reform 20  Church of Christ / Church of Christ / Church of Christ of Latter-day Saints 21  Confucianism 22  Druse 23  El Shaddai 24  Essid 25  Evangelical 26  Faith in god 27  Filipinista 28  Free church/Non denominational church 29  Greek Catholic 30  Gregorian 31  Hindu 32  Hoa hao 33  Hussite 34  Iglesia ni Cristo (INC) 35  Independent African Church (e.g. ZCC, Shembe, etc.) 36  Independent Church 37  Israelita Nuevo Pacto Universal (FREPAP) 38  Jain 39  Jehovah witnesses 40  Jesus is Lord (JIL) 41  Jesus Miracle Crusade 42  Jew 43  Ka-a Elica 44  Lutheran 45  Mennonite 46  Methodists 47  Mita 48  Mormon 49  Muslim 50  Native 51  New Testament Christ/Biblist 52  Orthodox 53  Other 54  Other: Brasil: Espirit,candomblé,umbanda,esoterism,occultism 55  Other: Christian com 56  Other: Oriental 57  Other: Philippines (less 0.5%) 58  Other: Taiwan (taoism, protestant fundam., ancient cults) 59  Paganism 60  Pentecostal 61  Presbyterian 62  Protestant 63  Qadiani 64  Roman Catholic 65  Rosacruz 66  Salvation Army 67  Self Lealisation Fellowship 68  Seven Day Adventist 69  Shenism (Chinese Religion) 70  Shia 71  Sikh 72  Sisewiss 73  Spiritista 74  Spiritualists 75  Sunni 76  Tac 77  Taoist 78  The Church of Sweden 79  The Worldwide Church of God 80  Theosofists 81  Unitarian 82  United 83  United Church of Christ in the Philippines (UCCP) 84  Wicca 85  Zionist 86  Zoroastrian 87  Ratana 88  Ringatu 89  New Apostolic Church 90  Yiguan Dao 91  Daolism 12001  DZ: Christian (Quakers, Jehovah's Witnesses, Evangelical, Protestant) 360001  AU: Uniting Church 528001  Dutch Reformed (Nederlands Hervormd) 528002  Reformed Churches in the Netherlands (Gereformeerd) 710001  ZA: Evangelical/Apostolic Faith Mission 710002  ZA: African Traditional Religion -5  Missing -4  Not asked in survey -3  Not applicable -2  No answer -1  Don´t know "
evs_combo,attend9_0_0_.5_1_4_2_12_52_104,f028,"Apart from weddings, funerals and christenings, about how often do you attend religious services these days?",1  More than once a week 2  Once a week 3  Once a month 4  Only on special holy days/Christmas/Easter days 5  Other specific holy days 6  Once a year 7  Less often 8  Never practically never -1  Don´t know -2  No answer -3  Not applicable -4  Not asked -5  Missing; Unknown 
evs_combo,,f031,Do you personally think it is important to hold a religious service for any of the following events? Birth,0  No 1  Yes -1  Don´t know -2  No answer -4  Not asked -5  Missing; Unknown 
evs_combo,,f032,Do you personally think it is important to hold a religious service for any of the following events? Marriage,0  No 1  Yes -1  Don´t know -2  No answer -4  Not asked -5  Missing; Unknown 
evs_combo,,f033,Do you personally think it is important to hold a religious service for any of the following events? Death,0  No 1  Yes -1  Don´t know -2  No answer -4  Not asked -5  Missing; Unknown 
evs_combo,,f064,Do you find that you get comfort and strength from religion?,0  No 1  Yes -1  Don´t know -2  No answer -4  Not asked -5  Missing; Unknown 
evs_combo,,f066,How often do you pray to God outside of religious services? Would you say ...,1  Every day 2  More than once a week 3  Once a week 4  At least once a month 5  Several times a year 6  Less often 7  Never -1  Don´t know -2  No answer -4  Not asked -5  Missing; Unknown 
evs_combo,,f067,How often do you pray to God outside of religious services? Would you say...,1  Often 2  Sometimes 3  Hardly ever 4  Only in times of crisis 5  Never -1  Don´t know -2  No answer -4  Not asked -5  Missing; Unknown 
evs_combo,,f050,"In which of the following things do you believe, if you believe in any?  God",0  No 1  Yes -5  Missing; Unknown -4  Not asked in survey -3  Not applicable -2  No answer -1  Don´t know 
evs_combo,,f051,"In which of the following things do you believe, if you believe in any?  Life after death",0  No 1  Yes -5  Missing; Unknown -4  Not asked in survey -3  Not applicable -2  No answer -1  Don´t know 
evs_combo,,f052,"Which, if any, of the following do you believe in? ((Read out and code one answer for each))",0  No 1  Yes -1  Don´t know -2  No answer -4  Not asked -5  Missing; Not available 
evs_combo,,f053,"In which of the following things do you believe, if you believe in any?  Hell",0  No 1  Yes -5  Missing; Unknown -4  Not asked in survey -3  Not applicable -2  No answer -1  Don´t know 
evs_combo,,f054,"In which of the following things do you believe, if you believe in any?  Heaven",0  No 1  Yes -5  Missing; Unknown -4  Not asked in survey -3  Not applicable -2  No answer -1  Don´t know 
evs_combo,,f055,"Which, if any, of the following do you believe in? ((Read out and code one answer for each)) Sin",0  No 1  Yes -1  Don´t know -2  No answer -3  Not applicable -4  Not asked -5  Missing; Unknown 
evs_combo,,f057,"Do you believe in re-incarnation, that is, that we had past lives and will be born into this world again?",0  No 1  Yes -1  Don´t know -2  No answer -4  Not asked -5  Missing; Unknown 
evs_combo,,f059,"Which, if any, of the following do you believe in? Devil",0  No 1  Yes -1  Don´t know -2  No answer -4  Not asked -5  Missing; Unknown 
evs_combo,,f060,"Which, if any, of the following do you believe in?. Resurrection of the dead",0  No 1  Yes -1  Don´t know -2  No answer -4  Not asked -5  Missing; Unknown 
evs_combo,,f062,Which of these statements comes closest to your beliefs?,1  Personal God 2  Spirit or life force 3  Don´t know what to think 4  No spirit God or life force -1  Don´t know -2  No answer -4  Not asked -5  Missing; Unknown 
evs_combo,,f063,How important is God in your life?. Please use this scale to indicate. 10 means “very important” and 1 means “not at all important.”:,1  Not at all important 2  2 3  3 4  4 5  5 6  6 7  7 8  8 9  9 10  Very important -1  Don´t know -2  No answer -4  Not asked in survey 
evs_combo,,f065,"Do you take some moments of prayer, meditation or contemplation or something like that?",0  No 1  Yes -1  Don´t know -2  No answer -3  Not applicable -4  Not asked -5  Missing; Unknown 
evs_combo,,f102,Politicians who don´t believe in God are unfit for public office,1  Agree strongly 2  Agree 3  Neither agree or disagree 4  Disagree 5  Strongly disagree -1  Don´t know -2  No answer -4  Not asked -5  Missing; Unknown 
evs_combo,,f103,Religious leaders should not influence how people vote,1  Agree strongly 2  Agree 3  Neither agree or disagree 4  Disagree 5  Strongly disagree -1  Don´t know -2  No answer -4  Not asked -5  Missing; Unknown 
evs_combo,,f104,Better if more people with strong religious beliefs in public office,1  Agree strongly 2  Agree 3  Neither agree or disagree 4  Disagree 5  Strongly disagree -1  Don´t know -2  No answer -4  Not asked -5  Missing; Unknown 
evs_combo,,f105,Religious leaders should not influence government,1  Agree strongly 2  Agree 3  Neither agree or disagree 4  Disagree 5  Strongly disagree -1  Don´t know -2  No answer -4  Not asked -5  Missing; Unknown 
evs_combo,,f113,Do you think that churches and religious organizations in this country have too much power or too little power?,1 Far too much power 2 Too much power 3 About right 4 Too little power 5 Far too little power
issp1991,,v26,Politicians who don´t believe in God are unfit for public office,1 Strongly agree 2 Agree 3 Neither agree nor disagree 4 Disagree 5 Strongly disagree
issp1991,,v27,Religious leaders should not influence how people vote,1 Strongly agree 2 Agree 3 Neither agree nor disagree 4 Disagree 5 Strongly disagree
issp1991,,v28,Better if more people with strong religious beliefs in public office,1 Strongly agree 2 Agree 3 Neither agree nor disagree 4 Disagree 5 Strongly disagree
issp1991,,v29,Religious leaders should not influence government,1 Strongly agree 2 Agree 3 Neither agree nor disagree 4 Disagree 5 Strongly disagree
issp1991,,v30,Do you think that churches and religious organizations in this country have too much power or too little power?,1 Far too much power 2 Too much power 3 About right 4 Too little power 5 Far too little power
issp1991,,v31,Please tick the box below to show which statement comes closest to expressing what you believe about God,"1 I don't believe in God 2 I don't know whether there is a God and I don't believe there is any way to find out 3 I don't believe in a personal God, but I do believe in a Higher Power of some kind 4 I find myself believing in God some of the time, but not at others 5 While I have doubts, I feel that I do believe in God 6 I know God really exists and I have no doubts about it"
issp1991,,v32,How close to you feel to God most of the time?,1 Don't believe in God 2 Not close at all 3 Not very close 4 Somewhat close 5 Extremely close
issp1991,,v33,Which best describes your beliefs about God?,"1 I don't believe in God and I never have 2 I don't believe in God now, but I used to 3 I believe in God now but I didn't used to 4 I believe in God now and I always have"
issp1991,,v34,Do you believe in life after death?,"1 Yes, definitely 2 Yes, probably 3 No, probably not 4 No, definitely not"
issp1991,,v35,Do you believe in the devil?,"1 Yes, definitely 2 Yes, probably 3 No, probably not 4 No, definitely not"
issp1991,,v36,Do you believe in heaven?,"1 Yes, definitely 2 Yes, probably 3 No, probably not 4 No, definitely not"
issp1991,,v37,Do you believe in hell?,"1 Yes, definitely 2 Yes, probably 3 No, probably not 4 No, definitely not"
issp1991,,v38,Do you believe in religious miracles?,"1 Yes, definitely 2 Yes, probably 3 No, probably not 4 No, definitely not"
issp1991,,v39,Which one of these statements comes closest to describing your feelings about the Bible?,"1 The Bible is the actual word of God and it is to be taken literally, word for word 2 The Bible is the inspired word of God but not everything should be taken literally word for word 3 The Bible is an ancient book of fables, legends, history, and moral teachings recorded by man, 4 this does not apply to me"
issp1991,,v40,There is a God who concerns Himself with every human being personally,1 Strongly agree 2 Agree 3 Neither agree nor disagree 4 Disagree 5 Strongly disagree
issp1991,,v42,"To me, life is meaningful only because God exists",1 Strongly agree 2 Agree 3 Neither agree nor disagree 4 Disagree 5 Strongly disagree
issp1991,,v57,About how often do you pray?,1 Never 2 Less than once a year 3 About once or twice a year 4 Several times a year 5 About once a month 6 2-3 times a month 7 Nearly every week 8 Every week 9 Several times a week 10 Once a day 11 Several times a day
issp1991,attend11_0_.5_1_3_12_30_41_52_104_365_730,v58,"How often do you take part in the activities or organizations of a church or a place of worship, other than attending services?",1 Never 2 Less than once a year 3 About once or twice a year 4 Several times a year 5 About once a month 6 2-3 times a month 7 Nearly every week 8 Every week 9 Several times a week 10 Once a day 11 Several times a day
issp1991,,v59,Would you describe yourself as,1 Extremely religious 2 Very religious 3 Somewhat religious 4 Neither religious nor non-religious 5 Somewhat non-religious 6 Very non-religious 7 Extremely non-religious
issp1991,,v60,"In your opinion, should there be daily prayers in all state schools?","1 Yes, definitely 2 Yes, probably 3 No, probably not 4 No, definitely not"
issp1991,,v61,Right and wrong should be based on God's laws,1 Strongly agree 2 Agree 3 Neither agree nor disagree 4 Disagree 5 Strongly disagree
issp1991,attend11_0_.5_1_3_12_30_41_52_104_365_730,v65,How often do you attend religious services?,1 Never 2 Less than once a year 3 About once or twice a year 4 Several times a year 5 About once a month 6 2-3 times a month 7 Nearly every week 8 Every week 9 Several times a week 10 Once a day 11 Several times a day
issp1998,,v25,Religious leaders should not influence how people vote,1 Strongly agree 2 Agree 3 Neither agree nor disagree 4 Disagree 5 Strongly disagree
issp1998,,v26,Religious leaders should not influence government,1 Strongly agree 2 Agree 3 Neither agree nor disagree 4 Disagree 5 Strongly disagree
issp1998,,v28,We trust too much in science and not enough in religious faith,1 Strongly agree 2 Agree 3 Neither agree nor disagree 4 Disagree 5 Strongly disagree
issp1998,,v31,<R's country> would be a better country if religion had less influence,1 Strongly agree 2 Agree 3 Neither agree nor disagree 4 Disagree 5 Strongly disagree
issp1998,,v34,Volunteer work during the last 12 months in: religious and church-related activities (helping churches and religious groups),"1 No 2 Yes, once or twice 3 Yes 3-5 times 4 Yes, 6 or more times"
issp1998,,v36,Do you think that churches and religious organizations in this country have too much power or too little power?,1 Far too much power 2 Too much power 3 About right 4 Too little power 5 Far too little power
issp1998,,v37,Please tick the box below to show which statement comes closest to expressing what you believe about God,"1 I don't believe in God 2 I don't know whether there is a God and I don't believe there is any way to find out 3 I don't believe in a personal God, but I do believe in a Higher Power of some kind 4 I find myself believing in God some of the time, but not at others 5 While I have doubts, I feel that I do believe in God 6 I know God really exists and I have no doubts about it"
issp1998,,v38,Which best describes your beliefs about God?,"1 I don't believe in God and I never have 2 I don't believe in God now, but I used to 3 I believe in God now but I didn't used to 4 I believe in God now and I always have"
issp1998,,v39,Do you believe in life after death?,"1 Yes, definitely 2 Yes, probably 3 No, probably not 4 No, definitely not"
issp1998,,v40,Do you believe in heaven?,"1 Yes, definitely 2 Yes, probably 3 No, probably not 4 No, definitely not"
issp1998,,v41,Do you believe in hell?,"1 Yes, definitely 2 Yes, probably 3 No, probably not 4 No, definitely not"
issp1998,,v42,Do you believe in religious miracles?,"1 Yes, definitely 2 Yes, probably 3 No, probably not 4 No, definitely not"
issp1998,,v43,Which one of these statements comes closest to describing your feelings about the Bible?,"1 The Bible is the actual word of God and it is to be taken literally, word for word 2 The Bible is the inspired word of God but not everything should be taken literally word for word 3 The Bible is an ancient book of fables, legends, history, and moral teachings recorded by man, 4 this does not apply to me"
issp1998,,v44,There is a God who concerns Himself with every human being personally,1 Strongly agree 2 Agree 3 Neither agree nor disagree 4 Disagree 5 Strongly disagree
issp1998,,v46,"To me, life is meaningful only because God exists",1 Strongly agree 2 Agree 3 Neither agree nor disagree 4 Disagree 5 Strongly disagree
issp1998,,v58,About how often do you pray?,1 Never 2 Less than once a year 3 About once or twice a year 4 Several times a year 5 About once a month 6 2-3 times a month 7 Nearly every week 8 Every week 9 Several times a week 10 Once a day 11 Several times a day
issp1998,attend11_0_.5_1_3_12_30_41_52_104_365_730,v59,"How often do you take part in the activities or organizations of a church or a place of worship, other than attending services?",1 Never 2 Less than once a year 3 About once or twice a year 4 Several times a year 5 About once a month 6 2-3 times a month 7 Nearly every week 8 Every week 9 Several times a week 10 Once a day 11 Several times a day
issp1998,,v60,Would you describe yourself as,1 Extremely religious 2 Very religious 3 Somewhat religious 4 Neither religious nor non-religious 5 Somewhat non-religious 6 Very non-religious 7 Extremely non-religious
issp1998,,v61,"In your opinion, should there be daily prayers in all state schools?","1 Yes, definitely 2 Yes, probably 3 No, probably not 4 No, definitely not"
issp1998,attend7_0_0_1_3_12_30_52,v218,How often do you attend religious services?,1 Once a week or more 2 2-3 times a month 3 Once a month 4 Several times a year 5 Less frequently 6 Never 0 No religion
issp2008,,v25,Religious leaders should not influence how people vote,1 Strongly agree 2 Agree 3 Neither agree nor disagree 4 Disagree 5 Strongly disagree
issp2008,,v26,Religious leaders should not influence government,1 Strongly agree 2 Agree 3 Neither agree nor disagree 4 Disagree 5 Strongly disagree
issp2008,,v28,We trust too much in science and not enough in religious faith,1 Strongly agree 2 Agree 3 Neither agree nor disagree 4 Disagree 5 Strongly disagree
issp2008,,v36,Do you think that churches and religious organizations in this country have too much power or too little power?,1 Far too much power 2 Too much power 3 About right 4 Too little power 5 Far too little power
issp2008,,v34,Volunteer work during the last 12 months in: religious and church-related activities (helping churches and religious groups),"1 No 2 Yes, once or twice 3 Yes 3-5 times 4 Yes, 6 or more times"
issp2008,,v37,Please tick the box below to show which statement comes closest to expressing what you believe about God,"1 I don't believe in God 2 I don't know whether there is a God and I don't believe there is any way to find out 3 I don't believe in a personal God, but I do believe in a Higher Power of some kind 4 I find myself believing in God some of the time, but not at others 5 While I have doubts, I feel that I do believe in God 6 I know God really exists and I have no doubts about it"
issp2008,,v38,Which best describes your beliefs about God?,"1 I don't believe in God and I never have 2 I don't believe in God now, but I used to 3 I believe in God now but I didn't used to 4 I believe in God now and I always have"
issp2008,,v39,Do you believe in life after death?,"1 Yes, definitely 2 Yes, probably 3 No, probably not 4 No, definitely not"
issp2008,,v40,Do you believe in heaven?,"1 Yes, definitely 2 Yes, probably 3 No, probably not 4 No, definitely not"
issp2008,,v41,Do you believe in hell?,"1 Yes, definitely 2 Yes, probably 3 No, probably not 4 No, definitely not"
issp2008,,v42,Do you believe in religious miracles?,"1 Yes, definitely 2 Yes, probably 3 No, probably not 4 No, definitely not"
issp2008,,v43,Which one of these statements comes closest to describing your feelings about the Bible?,"1 The Bible is the actual word of God and it is to be taken literally, word for word 2 The Bible is the inspired word of God but not everything should be taken literally word for word 3 The Bible is an ancient book of fables, legends, history, and moral teachings recorded by man, 4 this does not apply to me"
issp2008,,v44,There is a God who concerns Himself with every human being personally,1 Strongly agree 2 Agree 3 Neither agree nor disagree 4 Disagree 5 Strongly disagree
issp2008,,v46,"To me, life is meaningful only because God exists",1 Strongly agree 2 Agree 3 Neither agree nor disagree 4 Disagree 5 Strongly disagree
issp2008,,v58,About how often do you pray?,1 Never 2 Less than once a year 3 About once or twice a year 4 Several times a year 5 About once a month 6 2-3 times a month 7 Nearly every week 8 Every week 9 Several times a week 10 Once a day 11 Several times a day
issp2008,attend11_0_.5_1_3_12_30_41_52_104_365_730,v59,"How often do you take part in the activities or organizations of a church or a place of worship, other than attending services?",1 Never 2 Less than once a year 3 About once or twice a year 4 Several times a year 5 About once a month 6 2-3 times a month 7 Nearly every week 8 Every week 9 Several times a week 10 Once a day 11 Several times a day
issp2008,,v60,Would you describe yourself as,1 Extremely religious 2 Very religious 3 Somewhat religious 4 Neither religious nor non-religious 5 Somewhat non-religious 6 Very non-religious 7 Extremely non-religious
issp2008,attend9_0_0_.5_1_3_12_30_52_104,attend,How often do you attend religious services?,0 No religion 1 Several times a week 2 Once a week 3 2 or 3 times a month 4 Once a month 5 Several times a year 6 Once a year 7 Less frequently than once a year 8 Never
issp1988,,v91,"Do you regard yourself as belonging to any particular religion? If yes, which?",10 - Roman Catholic  20 Jewish 30 Muslim 40 Baptist 41 Methodist 42 Lutheran 43 Presbyterian 44 Church of England/Ireland/Anglican 45 URC 46 Episcopal 47 Uniting Church 48 Protestant 49 Other protestant  51 - Hindu 52 Buddhist 53 Sikh 54 Orthodox 60 Free Presbyterian 90 None 91 Christian 92 Other Christian 93 Other non-Christian 97 Refused 98 DK 99 NA
issp1988,attend7_0_0_1_3_12_30_52,v92,How often do you attend religious services?,1 Once a week or more 2 2-3 times a month 3 Once a month 4 Several times a year 5 Less frequently 6 Never 0 No religion
issp1994,,v217,"Do you regard yourself as belonging to any particular religion? If yes, which?",10 - Roman Catholic  11 Greek Catholic 12 Aglipayan 20 Jewish 30 Muslim 40 Baptist 41 Methodist 42 Lutheran 43 Presbyterian 44 Church of England/Ireland/Anglican 45 URC 46 Episcopal 47 Uniting Church 48 Protestant 49 Other protestant 50 Shinto  51 - Hindu 52 Buddhist 53 Sikh 54 Orthodox 55 United Church 60 Free Presbyterian 61 Brethren 62 Ratana 90 None 91 Christian 92 Other Christian 93 Other non-Christian 97 Refused 98 DK 99 NA
issp1994,attend7_0_0_1_3_12_30_52,v218,How often do you attend religious services?,1 Once a week or more 2 2-3 times a month 3 Once a month 4 Several times a year 5 Less frequently 6 Never 0 No religion
issp2002,,v288,"Do you regard yourself as belonging to any particular religion? If yes, which?","100 - Roman Catholic  110 Greek Catholic 200 Protestant 210 Anglican/CoE/CoI/Episcopal 220 Baptist 230 Congregationalist 240 Anabaptist 250 Lutheran, 260 Methodist 270 Pentecostal 280 Presbyterian/CoS 282 Jehovah's Witnesses 283 Church of Christ 284 New Apoltolic 290 Other prrotestant 291 Brethren 292 Mormon 293 Salvation Army 294 Assemblies of God 295 Seventh Day Adventists 297 Unitarians 298 United Church of Canada 299 United Church of Christ 300 Orthodox 310 Greek Orthodox 320 Russian Orthodox 390 Other orthodox 400 Other christian 402 Born again 403 Alliance 404 Dating Daan 405 Jesus Miracle Crusade  500 Jewish 510 Orthodox Jewish 520 Conservative Jewish 530 Reformist Jewish 590 Jewish 600 Islam 610 Kharijism 620 Mutazilism 630 Sunni 640 Shia 650 Ismailis 660 Other muslim 670 Druse 690 Muslim Mohammedan 700 Buddhism 800 Hindu 810 Specific Hindu group 820 Sikh 890 Hindu 900 Other Asian 901 Shinto 902 Tao 903 Confucian 950 Other East Asian 960 Other 970 Other non-Christian 990 None 997 Refused 998 DK 999 No answer"
issp2002,attend9_0_0_.5_1_3_12_30_52_104,v290,How often do you attend religious services?,0 No religion 1 Several times a week 2 Once a week 3 2 or 3 times a month 4 Once a month 5 Several times a year 6 Once a year 7 Less frequently than once a year 8 Never
issp2012,,religgrp,Religious main groups,0 No religion 1 Catholic 2 Protestant 3 Orthodox 4 Other Christian 5 Jewish 6 Islamic 7 Buddhist 8 Hindu 9 Other Asian 10 Other 97 Refused 98 Information insufficient 99 No answer
issp2012,attend9_0_0_.5_1_3_12_30_52_104,attend,"Apart from weddings, funerals etc how often do you attend religious services?",0 No religion 1 Several times a week 2 Once a week 3 2 or 3 times a month 4 Once a month 5 Several times a year 6 Once a year 7 Less frequently than once a year 8 Never
issp1985,,v132,Do you consider yourself as belonging to a particular religion? (IF YES) Which one?,10 - Catholic  20 Jewish 30 Muslim 40 Baptist 41 Methodist 42 Lutheran 43 Presbyterian 44 Church of England/Ireland/Anglican 45 URC 46 Episcopal 47 Uniting Church 49 Other protestant  51 - Hindu 52 Buddhist 53 Sikh 54 Orthodox 90 Other 96 None 98 DK 99 No answer
issp1985,attend6_0_0_1_3_24_52,v133,Church attendance,1 Once a week or more 2 1-3 times a month 3 Several times a year 4 Less frequently 5 Never 0 No religion
issp1990,,v88,Religion,10 - Catholic  20 Jewish 30 Muslim 40 Baptist 41 Methodist 42 Lutheran 43 Presbyterian 44 Church of England/Ireland/Anglican 45 URC 46 Episcopal 47 Uniting Church 49 Other protestant  51 - Hindu 52 Buddhist 53 Sikh 54 Orthodox 60 Free Presbyterian 90 None 91 Christian 92 Other 93 Other 97 Refused 98 DK 99 No
issp1990,attend7_0_0_1_3_12_30_52,v89,How often do you attend religious services?,1 Once a week or more 2 2-3 times a month 3 Once a month 4 Several times a year 5 Less frequently 6 Never 0 No religion
issp1996,,v219,"Do you regard yourself as belonging to any particular religion? If yes, which?",10 - Catholic  20 Jewish 30 Muslim 40 Baptist 41 Methodist 42 Lutheran 43 Presbyterian 44 Church of England/Ireland/Anglican 45 URC 46 Episcopal 47 Uniting Church 49 Other protestant  51 - Hindu 52 Buddhist 53 Sikh 54 Orthodox 60 Free Presbyterian 90 None 91 No denomination 92 Other christian 93 Other non-christian 97 refused 98 dk 99 NA
issp1996,attend7_0_0_1_3_12_30_52,v220,How often do you attend religious services?,1 Once a week or more 2 2-3 times a month 3 Once a month 4 Several times a year 5 Less frequently 6 Never 0 No religion
issp2006,attend9_0_0_.5_1_3_12_30_52_104,attend,How often do you attend religious services?,0 No religion 1 Several times a week 2 Once a week 3 2 or 3 times a month 4 Once a month 5 Several times a year 6 Once a year 7 Less frequently than once a year 8 Never
issp2006,,religgrp,Religious main groups,1 No religion 2 Roman Catholic  3 Protestant  4 Christian Orthodox  5 Jewish  6 Islam  7 Buddhism  8 Hinduism  9 Other Christian Religions  10 Other Eastern Religions  11 Other Religions  98 DK 99 No answer
issp2016,attend8_0_.5_1_3_12_30_52_104,attend,How often do you attend religious services?,1 Several times a week 2 Once a week 3 2 or 3 times a month 4 Once a month 5 Several times a year 6 Once a year 7 Less frequently 8 Never 97 Refused 98 DK 99 No answer
issp2016,,religgrp,Religious main groups,0 No religion 1 Catholic 2 Protestant 3 Orthodox 4 Other Christian 5 Jewish 6 Islamic 7 Buddhist 8 Hindu 9 Other Asian 10 Other 97 Refused 98 Information insufficient 99 No answer
issp1987,attend7_0_0_.5_1_3_24_52,v99,How often do you attend religious services?,1 Once a week or more 2 1-3 times a month 3 Several times a year 4 Once a year 5 Less frequently 6 Never 0 No religion
issp1987,,v98,"Do you regard yourself as belonging to any particular religion? If yes, which?",10 - Roman Catholic  11 Greek Catholic 12 Aglipayan 20 Jewish 30 Muslim 40 Baptist 41 Methodist 42 Lutheran 43 Presbyterian 44 Church of England/Ireland/Anglican 45 URC 46 Episcopal 47 Uniting Church 48 Protestant 49 Other protestant 50 Shinto  51 Hindu 52 Buddhist 53 Sikh 54 Orthodox 55 United Church of Canada 90 Other 96 None 99 NA
issp1992,attend7_0_0_.5_1_3_24_52,v124,How often do you attend religious services?,1 Once a week or more 2 1-3 times a month 3 Several times a year 4 Once a year 5 Less frequently 6 Never 0 No religion
issp1992,,v123,"Do you regard yourself as belonging to any particular religion? If yes, which?",10 - Roman Catholic  11 Greek Catholic 12 Aglipayan 20 Jewish 30 Muslim 40 Baptist 41 Methodist 42 Lutheran 43 Presbyterian 44 Church of England/Ireland/Anglican 45 URC 46 Episcopal 47 Uniting Church 48 Protestant 49 Other protestant 50 Shinto  51 Hindu 52 Buddhist 53 Sikh 54 Orthodox 55 United Church of Canada 61 Brethren 90 None 91 No denomination given 92 Other 93 Other 94 Other 97 Refused 98 DK 99 NA
issp1999,attend6_0_1_3_12_30_52,attend,How often do you attend religious services?,1 Once a week or more 2 2-3 times a month 3 Once a month 4 Several times a year 5 Less frequently 6 Never
issp1999,,relig,"Do you regard yourself as belonging to any particular religion? If yes, which?",10 - Roman Catholic  11 Greek Catholic 12 Aglipayan 20 Jewish 30 Muslim 40 Baptist 41 Methodist 42 Lutheran 43 Presbyterian 44 Church of England/Ireland/Anglican 45 URC 46 Episcopal 47 Uniting Church 48 Protestant 49 Other protestant 50 Shinto  51 Hindu 52 Buddhist 53 Sikh 54 Orthodox 55 United Church of Canada 61 Brethren 90 None 91 No denomination given 92 Other 93 Other 94 Other 97 Refused 98 DK 99 NA
issp2009,attend9_0_0_.5_1_3_12_30_52_104,attend,How often do you attend religious services?,0 No religion 1 Several times a week 2 Once a week 3 2 or 3 times a month 4 Once a month 5 Several times a year 6 Once a year 7 Less frequently than once a year 8 Never
issp2009,,religgrp,Religious main groups,1 No religion 2 Roman Catholic  3 Protestant  4 Christian Orthodox  5 Jewish  6 Islam  7 Buddhism  8 Hinduism  9 Other Christian Religions  10 Other Eastern Religions  11 Other Religions  97 Refused 98 DK 99 No answer
issp2019,attend8_0_.5_1_3_12_30_52_104,attend,How often do you attend religious services?,1 Several times a week 2 Once a week 3 2 or 3 times a month 4 Once a month 5 Several times a year 6 Once a year 7 Less frequently than once a year 8 Never
issp2019,,religgrp,Religious main groups,0 No religion 1 Catholic 2 Protestant 3 Orthodox 4 Other Christian 5 Jewish 6 Islamic 7 Buddhist 8 Hindu 9 Other Asian 10 Other
issp2001,attend6_0_1_3_12_30_52,attend,How often do you attend religious services?,1 Once a week or more 2 2-3 times a month 3 Once a month 4 Several times a year 5 Less frequently 6 Never
issp2001,,relig,"Do you regard yourself as belonging to any particular religion? If yes, which?",10 - Roman Catholic  11 Greek Catholic 12 Aglipayan 20 Jewish 30 Muslim 40 Baptist 41 Methodist 42 Lutheran 43 Presbyterian 44 Church of England/Ireland/Anglican 45 URC 46 Episcopal 47 Uniting Church 48 Protestant 49 Other protestant 50 Shinto  51 Hindu 52 Buddhist 53 Sikh 54 Orthodox 55 United Church of Canada 61 Brethren 90 None 91 No denomination given 92 Other 93 Other 94 Other 97 Refused 98 DK 99 NA